id,project,published_at,version,updated_at,counted_functions,counted_files,time_to_analyse,nloc_total,nloc_average,ccn_average,commit_at,commit_hash,includes,excludes,osi_verified,dependency_count,major,minor,project_version,source,release,release_version,release_requirements,inherited_from,issues_total,files_with_issues,files_skipped,confidence_high_count,confidence_medium_count,confidence_low_count,confidence_undefined_count,severity_high_count,severity_medium_count,severity_low_count,severity_undefined_count,severity_h_confidence_h_count,severity_h_confidence_m_count,severity_h_confidence_l_count,severity_m_confidence_h_count,severity_m_confidence_m_count,severity_m_confidence_l_count,severity_l_confidence_h_count,severity_l_confidence_m_count,severity_l_confidence_l_count,loc,nosec,skipped_tests
2255,numpy,2024-02-06 00:00:32.000,1.26.4,2024-04-11 11:00:15.665237,3830,253,0.6204872131347656,77240,20.17,3.7,2024-02-05 22:17:48,9815c16f449e12915ef35a8255329ba26dacd5c0,numpy/,,True,0,1,26,1.26.4,Direct,numpy,1.26.4,,,270,46,0,2681,1,0,0,8,61,2613,0,7,0,0,23,0,0,239,1,0,201503,0,0
2254,numpy,2024-01-02 22:33:08.000,1.26.3,2024-04-11 11:00:15.664595,3831,253,0.6118922233581543,77250,20.16,3.7,2024-01-02 17:21:36,b4bf93b936802618ebb49ee43e382b576b29a0a6,numpy/,,True,0,1,26,1.26.3,Direct,numpy,1.26.3,,,270,46,0,2681,1,0,0,8,61,2613,0,7,0,0,23,0,0,239,1,0,201513,0,0
2253,numpy,2023-11-12 23:11:03.000,1.26.2,2024-04-11 11:00:15.663949,3810,252,0.6201479434967041,76902,20.18,3.7,2023-11-12 21:24:27,03b62604eead0f7d279a5a4c094743eb29647368,numpy/,,True,0,1,26,1.26.2,Direct,numpy,1.26.2,,,271,46,0,2663,1,0,0,8,60,2596,0,7,0,0,22,0,0,241,1,0,200859,0,0
2252,numpy,2023-10-14 19:50:11.000,1.26.1,2024-04-11 11:00:15.663219,3810,252,0.6212210655212402,76902,20.18,3.7,2023-10-14 20:36:48,411a55b9ec084c3315fe5f199351c31d0eb3c352,numpy/,,True,0,1,26,1.26.1,Direct,numpy,1.26.1,,,271,46,0,2660,1,0,0,8,60,2593,0,7,0,0,22,0,0,241,1,0,200831,0,0
2249,numpy,2023-09-16 20:09:07.000,1.26.0,2024-04-11 11:00:15.661128,3809,245,0.6233100891113281,76840,20.17,3.69,2023-09-06 18:54:48,436752e62bb90731bdbdd9051318f5cf653d4032,numpy/,,True,0,1,26,1.26.0,Direct,numpy,1.26.0,,,270,45,0,2622,1,0,0,8,59,2556,0,7,0,0,22,0,0,240,1,0,200668,0,0
2248,numpy,2023-07-31 14:58:59.000,1.25.2,2024-04-11 11:00:15.660465,3802,241,0.6612899303436279,76831,20.21,3.72,2023-07-31 02:52:43,ea677928332c37e8052b4d599bf6ee52cf363cf9,numpy/,,True,0,1,25,1.25.2,Direct,numpy,1.25.2,,,266,44,0,2604,1,0,0,8,59,2538,0,7,0,0,22,0,0,236,1,0,200721,0,0
2247,numpy,2023-07-08 21:46:22.000,1.25.1,2024-04-11 11:00:15.659748,3801,241,0.6326708793640137,76813,20.21,3.72,2023-07-08 20:34:21,609c5399d0c2ca284ccc4b84d606727ed5640469,numpy/,,True,0,1,25,1.25.1,Direct,numpy,1.25.1,,,264,44,0,2601,1,0,0,8,59,2535,0,7,0,0,22,0,0,234,1,0,200651,0,0
2245,numpy,2023-06-17 14:46:33.000,1.25.0,2024-04-11 11:00:15.658334,3801,233,0.6230740547180176,76155,20.04,3.69,2022-11-22 15:42:49,b05ee6e7d062e6a9ec8b350f8e6e554a241d6b65,numpy/,,True,0,1,25,1.25.0,Direct,numpy,1.25.0,,,258,42,0,2387,1,0,0,8,54,2326,0,7,0,0,23,0,0,227,1,0,198970,0,0
2244,numpy,2023-06-26 13:31:56.000,1.24.4,2024-04-11 11:00:15.657637,3804,233,0.6189711093902588,76262,20.05,3.7,2023-06-26 04:31:30,9315a9072b2636f75c831b4eca9f42a5f67ca2fb,numpy/,,True,0,1,24,1.24.4,Direct,numpy,1.24.4,,,258,42,0,2423,1,0,0,8,55,2361,0,7,0,0,23,0,0,227,1,0,199548,0,0
2243,numpy,2023-04-22 21:37:49.000,1.24.3,2024-04-11 11:00:15.656889,3803,233,0.6157371997833252,76251,20.05,3.7,2023-04-22 19:47:13,14bb214bca49b167abc375fa873466a811e62102,numpy/,,True,0,1,24,1.24.3,Direct,numpy,1.24.3,,,258,42,0,2423,1,0,0,8,55,2361,0,7,0,0,23,0,0,227,1,0,199525,0,0
2242,numpy,2023-02-05 19:53:36.000,1.24.2,2024-04-11 11:00:15.656136,3803,233,0.616419792175293,76245,20.05,3.7,2023-02-05 17:25:52,85f38ab180ece5290f64e8ddbd9cf06ad8fa4a5e,numpy/,,True,0,1,24,1.24.2,Direct,numpy,1.24.2,,,258,42,0,2410,1,0,0,8,55,2348,0,7,0,0,23,0,0,227,1,0,199449,0,0
2241,numpy,2022-12-26 13:45:55.000,1.24.1,2024-04-11 11:00:15.655091,3801,233,0.6168577671051025,76173,20.04,3.7,2022-12-26 04:06:03,a28f4f2a472dc826d043abf4442ba258bbd6ade5,numpy/,,True,0,1,24,1.24.1,Direct,numpy,1.24.1,,,258,42,0,2403,1,0,0,8,55,2341,0,7,0,0,23,0,0,227,1,0,199325,0,0
2238,numpy,2022-12-18 18:01:14.000,1.24.0,2024-04-11 11:00:15.652877,3801,233,0.6188979148864746,76157,20.04,3.69,2022-12-03 22:26:38,754e59d549455e81f5d4923ec2ac8d63f034bd14,numpy/,,True,0,1,24,1.24.0,Direct,numpy,1.24.0,,,258,42,0,2393,1,0,0,8,54,2332,0,7,0,0,23,0,0,227,1,0,198979,0,0
2237,numpy,2022-11-20 01:29:16.000,1.23.5,2024-04-11 11:00:15.652118,3779,233,0.6280829906463623,75317,19.93,3.68,2022-11-19 22:26:06,de82cd9468704a033702974010ee7e7efc85b393,numpy/,,True,0,1,23,1.23.5,Direct,numpy,1.23.5,,,256,42,0,2227,1,0,0,8,51,2169,0,7,0,0,23,0,0,225,1,0,195456,0,0
2236,numpy,2022-10-12 14:50:07.000,1.23.4,2024-04-11 11:00:15.651377,3779,233,0.6201388835906982,75286,19.92,3.68,2022-10-12 00:01:52,f8021557bb402c514d8be5a9f005c1565fd57eb8,numpy/,,True,0,1,23,1.23.4,Direct,numpy,1.23.4,,,256,42,0,2227,1,0,0,8,51,2169,0,7,0,0,23,0,0,225,1,0,195301,0,0
2235,numpy,2022-09-09 17:56:23.000,1.23.3,2024-04-11 11:00:15.650631,3779,233,0.6110460758209229,75271,19.92,3.68,2022-09-09 15:07:53,e47cbb69bebf36007c3ea009aee03e4bfe3b3f3d,numpy/,,True,0,1,23,1.23.3,Direct,numpy,1.23.3,,,256,42,0,2222,1,0,0,8,51,2164,0,7,0,0,23,0,0,225,1,0,195255,0,0
2234,numpy,2022-08-14 00:22:03.000,1.23.2,2024-04-11 11:00:15.649875,3779,233,0.6245291233062744,75242,19.91,3.68,2022-08-13 20:02:29,21cacafbeeff812cf49ca0102d1dd582b6d77e2b,numpy/,,True,0,1,23,1.23.2,Direct,numpy,1.23.2,,,256,42,0,2206,1,0,0,8,51,2148,0,7,0,0,23,0,0,225,1,0,195056,0,0
2233,numpy,2022-07-09 01:13:24.000,1.23.1,2024-04-11 11:00:15.649110,3779,233,0.6100318431854248,75230,19.91,3.68,2022-07-09 00:31:18,1f82da745496092d85b402b1703877462a7c2de2,numpy/,,True,0,1,23,1.23.1,Direct,numpy,1.23.1,,,256,42,0,2201,1,0,0,8,51,2143,0,7,0,0,23,0,0,225,1,0,195011,0,0
2229,numpy,2022-06-22 22:19:10.000,1.23.0,2024-04-11 11:00:15.646252,3779,233,0.6080930233001709,75220,19.9,3.68,2022-06-11 00:40:35,5c598ed6c78870a9d7c092f716c819ef48e5b8f4,numpy/,,True,0,1,23,1.23.0,Direct,numpy,1.23.0,,,256,42,0,2201,1,0,0,8,51,2143,0,7,0,0,23,0,0,225,1,0,195020,0,0
2228,numpy,2022-05-20 20:57:33.000,1.22.4,2024-04-11 11:00:15.645590,3731,227,0.6105339527130127,74303,19.92,3.69,2022-05-20 18:57:06,08772f91455db66810995db5e9d0671f91e027ed,numpy/,,True,0,1,22,1.22.4,Direct,numpy,1.22.4,,,255,42,0,1743,1,0,0,8,52,1684,0,7,0,0,24,0,0,223,1,0,192058,0,0
2227,numpy,2022-03-07 22:45:00.000,1.22.3,2024-04-11 11:00:15.644895,3730,227,0.6034040451049805,74224,19.9,3.69,2022-03-07 20:27:54,7d4349e332fcba2bc3f266267421531b3ec5d3e6,numpy/,,True,0,1,22,1.22.3,Direct,numpy,1.22.3,,,255,42,0,1742,1,0,0,8,52,1683,0,7,0,0,24,0,0,223,1,0,191946,0,0
2226,numpy,2022-02-04 00:36:07.000,1.22.2,2024-04-11 11:00:15.644215,3730,227,0.6050400733947754,74225,19.9,3.69,2022-02-03 22:24:02,f6dddcb2e5ea5ed39675f14429af3585c585a666,numpy/,,True,0,1,22,1.22.2,Direct,numpy,1.22.2,,,255,42,0,1740,1,0,0,8,52,1681,0,7,0,0,24,0,0,223,1,0,191913,0,0
2225,numpy,2022-01-14 18:59:20.000,1.22.1,2024-04-11 11:00:15.643561,3730,227,0.6029279232025146,74194,19.89,3.69,2022-01-14 00:11:04,7ce4118531b585b5d8f0380c6b896ae22d93bd96,numpy/,,True,0,1,22,1.22.1,Direct,numpy,1.22.1,,,255,42,0,1736,1,0,0,8,52,1677,0,7,0,0,24,0,0,223,1,0,191823,0,0
2221,numpy,2021-12-31 20:39:25.000,1.22.0,2024-04-11 11:00:15.641078,3717,225,0.6088602542877197,74055,19.92,3.7,2021-12-18 04:27:30,950f507d4c981a6a3292029936ac0277ab05840f,numpy/,,True,0,1,22,1.22.0,Direct,numpy,1.22.0,,,255,42,0,1733,1,0,0,8,52,1674,0,7,0,0,24,0,0,223,1,0,191634,0,0
2220,numpy,2022-04-12 14:57:54.000,1.21.6,2024-04-11 11:00:15.640483,3398,208,0.5919311046600342,69367,20.41,3.76,2022-04-12 01:43:10,ef0ec786fd4c7622ad2fa0e54d3881f3b9bbd792,numpy/,,True,0,1,21,1.21.6,Direct,numpy,1.21.6,,,225,42,0,1232,1,0,0,8,51,1174,0,7,0,0,25,0,0,192,1,0,187138,0,0
2219,numpy,2021-12-20 00:43:27.000,1.21.5,2024-04-11 11:00:15.639827,3398,208,0.6002926826477051,69387,20.42,3.76,2021-12-19 21:38:14,c3d0a09342c08c466984654bc4738af595fba896,numpy/,,True,0,1,21,1.21.5,Direct,numpy,1.21.5,,,225,42,0,1232,1,0,0,8,51,1174,0,7,0,0,25,0,0,192,1,0,187158,0,0
2218,numpy,2021-11-05 01:31:38.000,1.21.4,2024-04-11 11:00:15.639184,3396,208,0.5703930854797363,69330,20.42,3.76,2021-11-04 22:06:03,c0b003e9c787ccab27f6fe57c154d7b881da5795,numpy/,,True,0,1,21,1.21.4,Direct,numpy,1.21.4,,,225,42,0,1225,1,0,0,8,51,1167,0,7,0,0,25,0,0,192,1,0,187049,0,0
2217,numpy,2021-10-20 20:28:43.000,1.21.3,2024-04-11 11:00:15.638509,3396,208,0.5789799690246582,69332,20.42,3.76,2021-10-20 02:45:47,d4d0584ccb508cad69288b504e6c8b04aa0d5caf,numpy/,,True,0,1,21,1.21.3,Direct,numpy,1.21.3,,,225,42,0,1225,1,0,0,8,51,1167,0,7,0,0,25,0,0,192,1,0,187059,0,0
2216,numpy,2021-08-15 20:16:21.000,1.21.2,2024-04-11 11:00:15.637689,3396,208,0.58890700340271,69331,20.42,3.76,2021-08-15 20:15:47,2fe48d2d98a85c8ea3f3d5caffd952ea69e99335,numpy/,,True,0,1,21,1.21.2,Direct,numpy,1.21.2,,,225,42,0,1221,1,0,0,8,51,1163,0,7,0,0,25,0,0,192,1,0,187024,0,0
2215,numpy,2021-07-18 19:46:19.000,1.21.1,2024-04-11 11:00:15.637010,3396,208,0.5686278343200684,69323,20.41,3.76,2021-07-18 19:34:41,df6d2600c51502e1877aac563658d0616a75c5e5,numpy/,,True,0,1,21,1.21.1,Direct,numpy,1.21.1,,,225,42,0,1216,1,0,0,8,50,1159,0,7,0,0,25,0,0,192,1,0,186931,0,0
2212,numpy,2021-06-22 13:48:21.000,1.21.0,2024-04-11 11:00:15.635017,3395,208,0.5648200511932373,69290,20.41,3.76,2021-06-08 16:16:36,e40a0b2f152eb98f9ee75f7091f64e3998349492,numpy/,,True,0,1,21,1.21.0,Direct,numpy,1.21.0,,,225,42,0,1198,1,0,0,8,50,1141,0,7,0,0,25,0,0,192,1,0,186672,0,0
2210,numpy,2021-05-10 15:28:50.000,1.20.3,2024-04-11 11:00:15.633773,3355,201,0.5499820709228516,67463,20.11,3.75,2021-05-09 23:42:39,27b98cbe0dd9d2969e9c227e7a2070aa56f41d6d,numpy/,,True,0,1,20,1.20.3,Direct,numpy,1.20.3,,,222,41,0,1068,1,0,0,8,51,1010,0,7,0,0,25,0,0,189,1,0,178172,0,0
2209,numpy,2021-03-27 22:39:17.000,1.20.2,2024-04-11 11:00:15.633127,3355,201,0.5572781562805176,67456,20.11,3.75,2021-03-27 19:45:51,b19ad5bfa396a4600a52a598a30a65d4e993f831,numpy/,,True,0,1,20,1.20.2,Direct,numpy,1.20.2,,,222,41,0,1068,1,0,0,8,51,1010,0,7,0,0,25,0,0,189,1,0,178094,0,0
2208,numpy,2021-02-07 20:43:50.000,1.20.1,2024-04-11 11:00:15.632438,3355,201,0.5819878578186035,67457,20.11,3.75,2021-02-07 19:43:12,d7aa4085623b222058edb0ff38392c38c5e00c54,numpy/,,True,0,1,20,1.20.1,Direct,numpy,1.20.1,,,222,41,0,1063,1,0,0,8,51,1005,0,7,0,0,25,0,0,189,1,0,177899,0,0
2205,numpy,2021-01-30 19:49:56.000,1.20.0,2024-04-11 11:00:15.630374,3352,201,0.5499048233032227,67393,20.11,3.75,2020-12-25 01:59:50,21e48ca557d476feb2654a6c25551ee0412be3c4,numpy/,,True,0,1,20,1.20.0,Direct,numpy,1.20.0,,,222,41,0,1045,1,0,0,8,51,987,0,7,0,0,25,0,0,189,1,0,177612,0,0
2203,numpy,2021-01-05 17:41:13.000,1.19.5,2024-04-11 11:00:15.628975,3272,193,0.5437891483306885,64063,19.58,3.7,2021-01-05 04:41:22,8f4b73a0d04f7bebb06a154b43e5ef5b5980052f,numpy/,,True,0,1,19,1.19.5,Direct,numpy,1.19.5,,,199,41,0,660,1,0,0,19,51,591,0,7,0,0,25,0,0,166,1,0,169561,0,0
2202,numpy,2020-11-02 16:08:07.000,1.19.4,2024-04-11 11:00:15.628137,3272,193,0.5411169528961182,64065,19.58,3.7,2020-10-30 18:44:48,6d7b8aaed5ae9f0435764675ebac8c9ada06738f,numpy/,,True,0,1,19,1.19.4,Direct,numpy,1.19.4,,,199,41,0,656,1,0,0,19,50,588,0,7,0,0,25,0,0,166,1,0,169503,0,0
2201,numpy,2020-10-29 01:30:17.000,1.19.3,2024-04-11 11:00:15.627427,3271,193,0.534229040145874,64051,19.58,3.7,2020-10-28 23:26:15,5010177cfcab1efff8cf5b8eeee093491ae4bc8b,numpy/,,True,0,1,19,1.19.3,Direct,numpy,1.19.3,,,199,41,0,656,1,0,0,19,50,588,0,7,0,0,25,0,0,166,1,0,169486,0,0
2200,numpy,2020-09-10 18:08:42.000,1.19.2,2024-04-11 11:00:15.626725,3264,192,0.5241599082946777,63981,19.6,3.7,2020-09-10 02:16:45,68752f786df542d340f25c41a8920d9b2aed66cf,numpy/,,True,0,1,19,1.19.2,Direct,numpy,1.19.2,,,199,41,0,654,1,0,0,19,50,586,0,7,0,0,25,0,0,166,1,0,169400,0,0
2199,numpy,2020-07-21 21:14:22.000,1.19.1,2024-04-11 11:00:15.626033,3264,192,0.524360179901123,63968,19.6,3.7,2020-07-21 19:57:15,13661ac7002a6b39072e616c19ff43daaec60f7e,numpy/,,True,0,1,19,1.19.1,Direct,numpy,1.19.1,,,199,41,0,652,1,0,0,19,50,584,0,7,0,0,25,0,0,166,1,0,169377,0,0
2196,numpy,2020-06-20 20:37:45.000,1.19.0,2024-04-11 11:00:15.623982,3264,192,0.5270929336547852,63959,19.6,3.7,2020-05-31 23:56:06,c063b7dc2a4d96a1ebc6c9c0373eae9f722bf69a,numpy/,,True,0,1,19,1.19.0,Direct,numpy,1.19.0,,,199,41,0,638,1,0,0,19,50,570,0,7,0,0,25,0,0,166,1,0,169181,0,0
2195,numpy,2020-06-04 00:35:35.000,1.18.5,2024-04-11 11:00:15.623333,3277,193,0.5943937301635742,64237,19.6,3.72,2020-06-03 02:52:27,32f514f546733ae1960077d2be93be970f4e13ef,numpy/,,True,0,1,18,1.18.5,Direct,numpy,1.18.5,,,201,42,0,544,1,0,0,17,51,477,0,8,0,0,26,0,0,166,1,0,168657,0,0
2194,numpy,2020-05-03 15:45:28.000,1.18.4,2024-04-11 11:00:15.622674,3277,193,0.543997049331665,64237,19.6,3.72,2020-05-03 01:50:10,94721320b1e13fd60046dc8bd0d343c54c2dd2e9,numpy/,,True,0,1,18,1.18.4,Direct,numpy,1.18.4,,,201,42,0,544,1,0,0,17,51,477,0,8,0,0,26,0,0,166,1,0,168657,0,0
2193,numpy,2020-04-19 20:16:11.000,1.18.3,2024-04-11 11:00:15.622008,3277,193,0.5296881198883057,64241,19.6,3.72,2020-04-19 19:07:23,b07baa1e0ee0a4ca5dfd89bf51a0f57340b639b8,numpy/,,True,0,1,18,1.18.3,Direct,numpy,1.18.3,,,201,42,0,544,1,0,0,17,51,477,0,8,0,0,26,0,0,166,1,0,168605,0,0
2192,numpy,2020-03-17 16:55:28.000,1.18.2,2024-04-11 11:00:15.621357,3277,193,0.5361330509185791,64241,19.6,3.72,2020-03-10 02:53:23,df256d0d2f3bc6833699529824781c58f9c6e697,numpy/,,True,0,1,18,1.18.2,Direct,numpy,1.18.2,,,201,42,0,538,1,0,0,17,51,471,0,8,0,0,26,0,0,166,1,0,168556,0,0
2191,numpy,2020-01-06 22:40:46.000,1.18.1,2024-04-11 11:00:15.620654,3277,193,0.5304713249206543,64236,19.6,3.72,2020-01-06 18:47:01,91118b3363b636f932f7ff6748d8259e9eb2c23a,numpy/,,True,0,1,18,1.18.1,Direct,numpy,1.18.1,,,201,42,0,535,1,0,0,21,51,464,0,12,0,0,26,0,0,162,1,0,168518,0,0
2189,numpy,2019-12-22 15:51:31.000,1.18.0,2024-04-11 11:00:15.619177,3272,193,0.5534060001373291,64151,19.61,3.72,2019-12-05 22:52:47,e1c290003bd7ee9940eb9b400dda64453228aa96,numpy/,,True,0,1,18,1.18.0,Direct,numpy,1.18.0,,,201,42,0,533,1,0,0,21,51,462,0,12,0,0,26,0,0,162,1,0,168313,0,0
2188,numpy,2020-01-01 17:29:04.000,1.17.5,2024-04-11 11:00:15.618449,3274,197,0.595390796661377,63897,19.52,3.7,2020-01-01 03:53:26,648fe68f79dfbad21947db4b55873703db0675c4,numpy/,,True,0,1,17,1.17.5,Direct,numpy,1.17.5,,,197,40,0,490,1,0,0,21,50,420,0,12,0,0,26,0,0,158,1,0,166917,0,0
2187,numpy,2019-11-11 02:08:32.000,1.17.4,2024-04-11 11:00:15.617708,3274,197,0.5511770248413086,63902,19.52,3.7,2019-11-10 22:59:08,346f5b61e5a0da82f46760a66101589e7b776426,numpy/,,True,0,1,17,1.17.4,Direct,numpy,1.17.4,,,197,40,0,490,1,0,0,21,50,420,0,12,0,0,26,0,0,158,1,0,166869,0,0
2186,numpy,2019-10-17 14:59:52.000,1.17.3,2024-04-11 11:00:15.617006,3276,197,0.5486719608306885,63925,19.51,3.7,2019-10-15 21:30:31,ff3df08438d570b0ccdda3f8a008278d8a4ad394,numpy/,,True,0,1,17,1.17.3,Direct,numpy,1.17.3,,,198,40,0,490,1,0,0,21,50,420,0,12,0,0,26,0,0,159,1,0,166848,0,0
2185,numpy,2019-09-07 00:22:57.000,1.17.2,2024-04-11 11:00:15.616282,3276,198,0.5301949977874756,63941,19.52,3.7,2019-09-06 23:26:45,fce34f559f17674e7a3301c46b0a9cc991c143d4,numpy/,,True,0,1,17,1.17.2,Direct,numpy,1.17.2,,,198,40,0,487,1,0,0,21,50,417,0,12,0,0,26,0,0,159,1,0,166848,0,0
2184,numpy,2019-08-27 00:51:12.000,1.17.1,2024-04-11 11:00:15.615533,3277,198,0.5284900665283203,63941,19.51,3.7,2019-08-24 18:39:20,29759461091f9a4a40ff2f4ae2126e0a5af1fcdd,numpy/,,True,0,1,17,1.17.1,Direct,numpy,1.17.1,,,198,40,0,486,1,0,0,21,50,416,0,12,0,0,26,0,0,159,1,0,166805,0,0
2181,numpy,2019-07-26 18:35:56.000,1.17.0,2024-04-11 11:00:15.612991,3278,198,0.5292761325836182,63918,19.5,3.7,2019-07-16 01:49:40,eb5dda56f2a5a845ad1121914d461f22a815fcaa,numpy/,,True,0,1,17,1.17.0,Direct,numpy,1.17.0,,,198,40,0,470,1,0,0,21,48,402,0,12,0,0,26,0,0,159,1,0,166597,0,0
2180,numpy,2019-12-29 23:42:23.000,1.16.6,2024-04-11 11:00:15.612208,3233,195,0.5381429195404053,63841,19.75,3.87,2019-12-29 19:43:21,3dec7099ce38cb189880f6f69df318f35ff9a5ea,numpy/,,True,0,1,16,1.16.6,Direct,numpy,1.16.6,,,197,38,0,353,1,0,0,15,42,297,0,12,0,0,25,0,0,159,1,0,160819,0,0
2179,numpy,2019-08-28 02:10:09.000,1.16.5,2024-04-11 11:00:15.611518,3235,195,0.5430870056152344,63860,19.74,3.87,2019-08-27 23:10:37,cbdc3b7477aa0b497406bbb2df1025bed290f3cb,numpy/,,True,0,1,16,1.16.5,Direct,numpy,1.16.5,,,198,38,0,338,1,0,0,15,42,282,0,12,0,0,25,0,0,160,1,0,160551,0,0
2178,numpy,2019-05-28 19:12:47.000,1.16.4,2024-04-11 11:00:15.610770,3235,195,0.5344099998474121,63960,19.77,3.87,2019-05-27 22:07:23,7ebbc2ed3b4a388dd3942e1d8ef2de18074a09b3,numpy/,,True,0,1,16,1.16.4,Direct,numpy,1.16.4,,,198,38,0,337,1,0,0,15,42,281,0,12,0,0,25,0,0,160,1,0,160259,0,0
2177,numpy,2019-04-22 01:48:45.000,1.16.3,2024-04-11 11:00:15.610064,3234,195,0.6069939136505127,63952,19.77,3.87,2019-04-21 22:54:24,08b17aee272fb3f64bb0e5e96e0376c0f9fd9424,numpy/,,True,0,1,16,1.16.3,Direct,numpy,1.16.3,,,198,38,0,327,1,0,0,15,42,271,0,12,0,0,25,0,0,160,1,0,160121,0,0
2176,numpy,2019-02-26 20:23:25.000,1.16.2,2024-04-11 11:00:15.609381,3234,195,0.5367040634155273,63958,19.78,3.87,2019-02-26 17:42:42,0eeb158ead494e130a25239ac8473a06451b1072,numpy/,,True,0,1,16,1.16.2,Direct,numpy,1.16.2,,,200,38,0,329,1,0,0,15,42,273,0,12,0,0,25,0,0,162,1,0,160101,0,0
2175,numpy,2019-01-31 23:34:59.000,1.16.1,2024-04-11 11:00:15.608677,3228,194,0.534879207611084,63875,19.79,3.88,2019-01-31 21:54:00,685b9ace06f1dc50e2698099d7a2b6a241379318,numpy/,,True,0,1,16,1.16.1,Direct,numpy,1.16.1,,,197,37,0,326,1,0,0,14,42,271,0,12,0,0,25,0,0,159,1,0,159974,0,0
2172,numpy,2019-01-14 03:02:28.000,1.16.0,2024-04-11 11:00:15.606224,3223,194,0.5447750091552734,63753,19.78,3.88,2019-01-04 23:28:29,0cf81b01c87383ac19e145d312a10efa73e92715,numpy/,,True,0,1,16,1.16.0,Direct,numpy,1.16.0,,,195,36,0,299,1,0,0,14,42,244,0,12,0,0,25,0,0,157,1,0,159350,0,0
2171,numpy,2018-11-04 16:49:11.000,1.15.4,2024-04-11 11:00:15.605408,2903,186,0.510833740234375,62853,21.65,4.14,2018-11-04 00:36:27,de28edd8f514b82c0524b55f622078d47f479322,numpy/,,True,0,1,15,1.15.4,Direct,numpy,1.15.4,,,189,36,0,326,1,0,0,14,97,216,0,12,0,0,34,0,0,142,1,0,154348,0,0
2170,numpy,2018-10-22 17:37:27.000,1.15.3,2024-04-11 11:00:15.604579,2903,186,0.5101189613342285,62847,21.65,4.14,2018-10-21 23:29:17,f82c2b62d18b381baefc30f8e8d7788d08a0bd16,numpy/,,True,0,1,15,1.15.3,Direct,numpy,1.15.3,,,189,36,0,326,1,0,0,14,97,216,0,12,0,0,34,0,0,142,1,0,154244,0,0
2169,numpy,2018-09-23 12:36:39.000,1.15.2,2024-04-11 11:00:15.603699,2903,186,0.5196840763092041,62841,21.65,4.14,2018-09-23 02:47:38,b261d8e562d162397fb0458cf8f281e0bb8e4ced,numpy/,,True,0,1,15,1.15.2,Direct,numpy,1.15.2,,,189,36,0,326,1,0,0,14,97,216,0,12,0,0,34,0,0,142,1,0,154176,0,0
2168,numpy,2018-08-21 20:10:22.000,1.15.1,2024-04-11 11:00:15.602847,2903,186,0.5083107948303223,62841,21.65,4.14,2018-08-21 17:49:31,5adb81051086a45fe3b59ba506b567340ec9bd5e,numpy/,,True,0,1,15,1.15.1,Direct,numpy,1.15.1,,,189,36,0,326,1,0,0,14,97,216,0,12,0,0,34,0,0,142,1,0,154177,0,0
2165,numpy,2018-07-23 16:33:37.000,1.15.0,2024-04-11 11:00:15.600157,2902,186,0.5178999900817871,62811,21.64,4.14,2018-07-09 18:35:40,ccc68b80305ff5b363d10f6e905fb4e5276a8adb,numpy/,,True,0,1,15,1.15.0,Direct,numpy,1.15.0,,,189,36,0,324,1,0,0,14,95,216,0,12,0,0,34,0,0,142,1,0,153982,0,0
2164,numpy,2018-09-23 17:14:38.000,1.14.6,2024-04-11 11:00:15.599117,2867,185,0.5098578929901123,62396,21.76,4.22,2018-09-23 16:24:58,8706d48bd9918fca93ee50cb8bdc04d8ed16cbbd,numpy/,,True,0,1,14,1.14.6,Direct,numpy,1.14.6,,,189,36,0,309,1,0,0,14,91,205,0,12,0,0,34,0,0,142,1,0,150850,0,0
2163,numpy,2018-06-12 22:53:35.000,1.14.5,2024-04-11 11:00:15.598017,2867,185,0.5321569442749023,62394,21.76,4.22,2018-06-12 19:41:53,d3348c1123d3862a42d50a7fee14e50b268944a4,numpy/,,True,0,1,14,1.14.5,Direct,numpy,1.14.5,,,189,36,0,309,1,0,0,14,91,205,0,12,0,0,34,0,0,142,1,0,150832,0,0
2162,numpy,2018-06-06 17:15:40.000,1.14.4,2024-04-11 11:00:15.596959,2867,185,0.5602028369903564,62394,21.76,4.22,2018-06-06 16:43:07,83419d6462461110035fa27e322efed557c739ac,numpy/,,True,0,1,14,1.14.4,Direct,numpy,1.14.4,,,189,36,0,309,1,0,0,14,91,205,0,12,0,0,34,0,0,142,1,0,150832,0,0
2161,numpy,2018-04-28 16:17:17.000,1.14.3,2024-04-11 11:00:15.596151,2866,185,0.5451879501342773,62380,21.77,4.22,2018-04-27 22:34:35,73299826729be58cec179b52c656adfcaefada93,numpy/,,True,0,1,14,1.14.3,Direct,numpy,1.14.3,,,189,36,0,306,1,0,0,14,91,202,0,12,0,0,34,0,0,142,1,0,150757,0,0
2160,numpy,2018-03-12 18:06:08.000,1.14.2,2024-04-11 11:00:15.595264,2866,185,0.5092651844024658,62374,21.76,4.22,2018-03-12 16:57:46,6a58e25703cbecb6786faa09a04ae2ec8221348b,numpy/,,True,0,1,14,1.14.2,Direct,numpy,1.14.2,,,189,36,0,306,1,0,0,14,91,202,0,12,0,0,34,0,0,142,1,0,150710,0,0
2159,numpy,2018-02-21 00:42:09.000,1.14.1,2024-04-11 11:00:15.594186,2866,185,0.508587121963501,62353,21.76,4.22,2018-02-20 22:22:52,7dcee7a469ad1bbfef1cd8980dc18bf5869c5391,numpy/,,True,0,1,14,1.14.1,Direct,numpy,1.14.1,,,189,36,0,306,1,0,0,14,91,202,0,12,0,0,34,0,0,142,1,0,150674,0,0
2157,numpy,2018-01-07 00:38:16.000,1.14.0,2024-04-11 11:00:15.592336,2858,185,0.5089278221130371,62205,21.77,4.22,2017-12-13 01:49:08,d64539a97a7d21857b71e181f848a17d15a48ef7,numpy/,,True,0,1,14,1.14.0,Direct,numpy,1.14.0,,,188,36,0,305,1,0,0,14,91,201,0,12,0,0,34,0,0,141,1,0,150203,0,0
2156,numpy,2017-09-29 23:01:31.000,1.13.3,2024-04-11 11:00:15.591408,2796,184,0.5001499652862549,61278,21.92,4.25,2017-09-29 22:10:10,31465473c491829d636c9104c390062cba005681,numpy/,,True,0,1,13,1.13.3,Direct,numpy,1.13.3,,,186,35,0,287,1,0,0,13,85,190,0,11,0,0,34,0,0,140,1,0,145810,0,0
2155,numpy,2017-09-28 00:46:56.000,1.13.2,2024-04-11 11:00:15.590465,2796,184,0.5012431144714355,61278,21.92,4.25,2017-09-27 16:38:24,cde88ddf408f41ca2669adc4401fb69682726a55,numpy/,,False,0,1,13,1.13.2,Direct,numpy,1.13.2,,,186,35,0,287,1,0,0,13,85,190,0,11,0,0,34,0,0,140,1,0,145810,0,0
2154,numpy,2017-07-07 01:30:04.000,1.13.1,2024-04-11 11:00:15.589293,2795,184,0.515089750289917,61268,21.92,4.25,2017-07-07 00:59:01,1462df1c20eae44d28e6b665b5d194788f57efc5,numpy/,,True,0,1,13,1.13.1,Direct,numpy,1.13.1,,,186,35,0,288,1,0,0,13,85,191,0,11,0,0,34,0,0,140,1,0,145692,0,0
2151,numpy,2017-06-07 18:57:49.000,1.13.0,2024-04-11 11:00:15.586178,2794,184,0.49959683418273926,61257,21.92,4.25,2017-05-18 20:01:19,59aec750c677b348dce102bc6fa1e6f9395362b8,numpy/,,True,0,1,13,1.13.0,Direct,numpy,1.13.0,,,186,35,0,288,1,0,0,13,85,191,0,11,0,0,34,0,0,140,1,0,145587,0,0
2149,numpy,2017-03-18 17:20:56.000,1.12.1,2024-04-11 11:00:15.584009,2746,183,0.4973900318145752,60767,22.13,4.34,2017-03-07 00:52:23,61e667e4a6b6e55356dc97d2f66eb7afb4a69b55,numpy/,,True,0,1,12,1.12.1,Direct,numpy,1.12.1,,,218,35,0,315,1,0,0,12,85,219,0,10,0,0,36,0,0,171,1,0,141768,0,0
2145,numpy,2017-01-15 23:24:54.000,1.12.0,2024-04-11 11:00:15.579751,2745,183,0.5080828666687012,60763,22.14,4.33,2017-01-01 20:22:14,75d28bb59899eedcb83bd8e38be708a9cc5958e7,numpy/,,True,0,1,12,1.12.0,Direct,numpy,1.12.0,,,218,35,0,315,1,0,0,12,85,219,0,10,0,0,36,0,0,171,1,0,141675,0,0
2144,numpy,2016-12-19 01:07:04.000,1.11.3,2024-04-11 11:00:15.578617,2700,181,0.484097957611084,59724,22.12,4.29,2016-12-18 23:11:03,bfc9a059c48c57c4ef20bebe88d6f6ce363d1464,numpy/,,True,0,1,11,1.11.3,Direct,numpy,1.11.3,,,217,34,0,299,1,0,0,12,83,205,0,10,0,0,36,0,0,170,1,0,136417,0,0
2142,numpy,2016-10-04 01:20:49.000,1.11.2,2024-04-11 11:00:15.576288,2700,181,0.484738826751709,59724,22.12,4.29,2016-09-12 03:15:48,fe3e46d2876af2546a5fcc752ead8aa736ea2658,numpy/,,True,0,1,11,1.11.2,Direct,numpy,1.11.2,,,217,34,0,299,1,0,0,12,83,205,0,10,0,0,36,0,0,170,1,0,136410,0,0
2140,numpy,2016-06-26 15:40:34.000,1.11.1,2024-04-11 11:00:15.574089,2698,180,0.49232006072998047,59642,22.11,4.29,2016-05-27 03:32:52,abcb51151634c09b0db4eb462939f910555b7971,numpy/,,True,0,1,11,1.11.1,Direct,numpy,1.11.1,,,220,35,0,302,1,0,0,12,85,206,0,10,0,0,38,0,0,171,1,0,136004,0,0
2136,numpy,2016-03-27 20:25:47.000,1.11.0,2024-04-11 11:00:15.569063,2698,180,0.483198881149292,59629,22.1,4.29,2016-03-19 22:57:55,199dc1a43a37adbc0d92f58574494ed80a1fed25,numpy/,,True,0,1,11,1.11.0,Direct,numpy,1.11.0,,,220,35,0,300,1,0,0,12,85,204,0,10,0,0,38,0,0,171,1,0,135867,0,0
2134,numpy,2016-01-07 02:41:56.000,1.10.4,2024-04-11 11:00:15.566485,2711,181,0.4905240535736084,59571,21.97,4.26,2016-01-07 03:21:00,e46c2d78a27f25e66624a818276be57ef9458e60,numpy/,,True,0,1,10,1.10.4,Direct,numpy,1.10.4,,,222,36,0,349,1,0,0,10,85,255,0,10,0,0,38,0,0,173,1,0,133500,0,0
2133,numpy,2016-04-20 03:58:58.000,1.10.3,2024-04-11 11:00:15.565276,2711,181,0.49018406867980957,59571,21.97,4.26,2016-01-06 23:35:20,ea8aa221f98d0bbd24884e9d6e31fbb613f478f1,numpy/,,False,0,1,10,1.10.3,Direct,numpy,1.10.3,,,222,36,0,349,1,0,0,10,85,255,0,10,0,0,38,0,0,173,1,0,133500,0,0
2132,numpy,2015-12-14 20:43:20.000,1.10.2,2024-04-11 11:00:15.564086,2711,181,0.4830448627471924,59551,21.97,4.26,2015-12-08 01:48:29,c16af049301ed0a88c57e403854f90725a4a8a7d,numpy/,,True,0,1,10,1.10.2,Direct,numpy,1.10.2,,,222,36,0,357,1,0,0,10,85,263,0,10,0,0,38,0,0,173,1,0,133448,0,0
2131,numpy,2015-10-12 16:10:30.000,1.10.1,2024-04-11 11:00:15.562710,2714,181,0.49063992500305176,59602,21.96,4.27,2015-10-12 16:35:31,f769c64026f5ff993ec1e28cbd9f39b8da75347d,numpy/,,True,0,1,10,1.10.1,Direct,numpy,1.10.1,,,224,36,0,349,1,0,0,11,85,254,0,11,0,0,38,0,0,174,1,0,133341,0,0
2129,numpy,2016-04-20 04:13:06.000,1.10.0,2024-04-11 11:00:15.559695,2714,181,0.48421597480773926,59596,21.96,4.27,2015-09-29 05:15:21,2c24d62c775dac583235606a396b4966a3f1144c,numpy/,,False,0,1,10,1.10.0,Direct,numpy,1.10.0,,,224,36,0,349,1,0,0,11,85,254,0,11,0,0,38,0,0,174,1,0,133333,0,0
2273,numpy,2015-09-21 23:41:52.000,1.9.3,2024-04-11 11:00:15.676843,2671,179,0.4761848449707031,59007,22.09,4.25,2015-09-21 19:22:25,edb902cdc6573553afcf11047ecdfb447e444322,numpy/,,True,0,1,9,1.9.3,Direct,numpy,1.9.3,,,218,37,0,319,1,0,0,10,83,227,0,10,0,0,38,0,0,169,1,0,127831,0,0
2272,numpy,2015-03-01 20:07:54.000,1.9.2,2024-04-11 11:00:15.676181,2674,179,0.47644591331481934,59022,22.07,4.25,2015-02-01 17:40:28,c04513ca87f3471c407d00fa3be9d456cc34a1a3,numpy/,,True,0,1,9,1.9.2,Direct,numpy,1.9.2,,,218,37,0,317,1,0,0,10,82,226,0,10,0,0,38,0,0,169,1,0,127822,0,0
2271,numpy,2014-11-02 13:20:14.000,1.9.1,2024-04-11 11:00:15.675528,2673,179,0.4728119373321533,58957,22.06,4.25,2014-10-26 17:21:39,c88fd91482782f35a78d6144331471085b8695b0,numpy/,,True,0,1,9,1.9.1,Direct,numpy,1.9.1,,,218,37,0,317,1,0,0,10,82,226,0,10,0,0,38,0,0,169,1,0,127629,0,0
2270,numpy,2014-09-07 09:55:54.000,1.9.0,2024-04-11 11:00:15.674877,2672,179,0.4717419147491455,58918,22.05,4.25,2014-08-27 17:41:31,36d947fe379e7534624328f7382e4e1175823170,numpy/,,True,0,1,9,1.9.0,Direct,numpy,1.9.0,,,217,37,0,317,0,0,0,10,82,225,0,10,0,0,38,0,0,169,0,0,127356,0,0
2269,numpy,2014-08-09 12:19:55.000,1.8.2,2024-04-11 11:00:15.674282,3030,218,0.534247875213623,62488,20.62,4.01,2014-08-05 20:27:09,c7ad14f5f3069e93a674e0ddf260d7da6c71a5a7,numpy/,,True,0,1,8,1.8.2,Direct,numpy,1.8.2,,,239,50,0,328,0,0,0,11,92,225,0,10,0,0,53,0,0,176,0,0,127551,0,0
2268,numpy,2014-03-25 23:19:20.000,1.8.1,2024-04-11 11:00:15.673697,3031,218,0.5135993957519531,62480,20.61,4.01,2014-03-02 15:10:59,23f8dcf86cf692fcc9dce48350d5d86c0bc63ada,numpy/,,True,0,1,8,1.8.1,Direct,numpy,1.8.1,,,239,50,0,328,0,0,0,11,92,225,0,10,0,0,53,0,0,176,0,0,127323,0,0
2267,numpy,2013-10-30 22:34:42.000,1.8.0,2024-04-11 11:00:15.673104,3030,218,0.5267338752746582,62410,20.6,4.01,2013-10-13 19:52:15,0ccaab00ba14eebeb6620e6c64723189e2bd0a11,numpy/,,True,0,1,8,1.8.0,Direct,numpy,1.8.0,,,241,50,0,327,0,0,0,11,95,221,0,10,0,0,55,0,0,176,0,0,126881,0,0
2266,numpy,2013-12-31 14:48:59.000,1.7.2,2024-04-11 11:00:15.672388,3095,233,0.5102660655975342,62520,20.2,3.89,2013-11-03 14:39:08,3bf8706cefd28d33fb3ea1915d8a11f54ee7cfef,numpy/,,True,0,1,7,1.7.2,Direct,numpy,1.7.2,,,127,27,81,180,0,0,0,7,29,144,0,7,0,0,15,0,0,105,0,0,123416,0,0
2265,numpy,2013-04-07 08:03:54.000,1.7.1,2024-04-11 11:00:15.671670,3092,233,0.5147480964660645,62453,20.2,3.89,2013-03-24 19:59:19,21bda0e23c6d2e02776e00268bcfee71740f3580,numpy/,,True,0,1,7,1.7.1,Direct,numpy,1.7.1,,,127,27,81,179,0,0,0,7,29,143,0,7,0,0,15,0,0,105,0,0,122784,0,0
2264,numpy,2013-02-12 05:09:27.000,1.7.0,2024-04-11 11:00:15.671027,3091,233,0.5108730792999268,62410,20.19,3.88,2013-02-06 21:20:42,a43307cdcc06a358097a9e88de388409a5b99735,numpy/,,True,0,1,7,1.7.0,Direct,numpy,1.7.0,,,127,27,81,179,0,0,0,7,29,143,0,7,0,0,15,0,0,105,0,0,122576,0,0
2263,numpy,2012-05-20 11:37:23.000,1.6.2,2024-04-11 11:00:15.670426,3035,230,0.5059080123901367,60846,20.05,3.86,2012-05-04 23:02:11,09bb26867d73173d74b4f9d4d481064e6044fa71,numpy/,,True,0,1,6,1.6.2,Direct,numpy,1.6.2,,,108,20,103,469,0,0,0,7,16,446,0,7,0,0,10,0,0,91,0,0,114108,0,0
2262,numpy,2011-07-24 17:59:40.000,1.6.1,2024-04-11 11:00:15.669672,3029,230,0.49164891242980957,60606,20.01,3.85,2011-07-11 19:40:22,41fa279b579c68ac5f5991800034ba94c7ca8b50,numpy/,,True,0,1,6,1.6.1,Direct,numpy,1.6.1,,,108,20,103,468,0,0,0,7,16,445,0,7,0,0,10,0,0,91,0,0,113349,0,0
2261,numpy,2011-05-14 12:01:38.000,1.6.0,2024-04-11 11:00:15.669020,3029,230,0.49513816833496094,60562,19.99,3.85,2011-05-07 20:42:10,1e85f6fd045dd75a0697bed5bb619fb792632da2,numpy/,,True,0,1,6,1.6.0,Direct,numpy,1.6.0,,,108,20,103,468,0,0,0,7,16,445,0,7,0,0,10,0,0,91,0,0,113215,0,0
2260,numpy,2010-11-18 14:16:58.000,1.5.1,2024-04-11 11:00:15.668357,2901,225,0.4692699909210205,57295,19.75,3.83,2010-11-08 15:00:24,33047912898fb4e15045e8940b0988fb1e474de2,numpy/,,True,0,1,5,1.5.1,Direct,numpy,1.5.1,,,106,21,92,600,0,0,0,6,16,578,0,6,0,0,10,0,0,90,0,0,101794,0,0
2259,numpy,2010-09-15 14:44:53.000,1.5.0,2024-04-11 11:00:15.667753,2899,225,0.4667167663574219,57216,19.74,3.83,2010-08-25 14:47:51,d68b2318454e777a3ae41df019bbed86fdf00f4a,numpy/,,True,0,1,5,1.5.0,Direct,numpy,1.5.0,,,106,21,92,600,0,0,0,6,16,578,0,6,0,0,10,0,0,90,0,0,101556,0,0
2258,numpy,2010-04-24 16:30:04.000,1.4.1,2024-04-11 11:00:15.667116,2823,223,0.4572317600250244,55686,19.73,3.82,2010-04-18 14:42:10,05cc071eb092c3953d26dfd53831f9828596cf6c,numpy/,,True,0,1,4,1.4.1,Direct,numpy,1.4.1,,,15,10,139,503,0,0,0,0,9,494,0,0,0,0,2,0,0,13,0,0,97693,0,0
2257,numpy,2023-07-20 16:10:03.775,1.4.0,2024-04-11 11:00:15.666480,2822,223,0.45461010932922363,55689,19.73,3.82,2009-12-21 16:30:35,76b40e882632f60ecc600770c8eee8d4594754b8,numpy/,,False,0,1,4,1.4.0,Direct,numpy,1.4.0,,,15,10,139,528,0,0,0,0,9,519,0,0,0,0,2,0,0,13,0,0,97710,0,0
2256,numpy,2009-04-06 06:19:25.000,1.3.0,2024-04-11 11:00:15.665854,2570,201,0.41414308547973633,48104,18.72,3.88,2009-04-03 16:01:55,2f9063f598515a2708decd55a13cd5672851047f,numpy/,,True,0,1,3,1.3.0,Direct,numpy,1.3.0,,,14,9,131,493,0,0,0,0,12,481,0,0,0,0,2,0,0,12,0,0,79521,0,0
2211,numpy,2023-07-20 16:09:55.623,1.2.1,2024-04-11 11:00:15.634389,2459,198,0.3994269371032715,44906,18.26,3.83,2008-10-28 12:23:10,d4f826b4bafeea0e4a16b2cb3954b2155483e91a,numpy/,,False,0,1,2,1.2.1,Direct,numpy,1.2.1,,,15,10,128,465,0,1,0,0,15,451,0,0,0,0,2,0,1,12,0,0,71364,0,0
2204,numpy,2023-07-20 16:09:54.711,1.2.0,2024-04-11 11:00:15.629667,2453,198,0.3876018524169922,44239,18.03,3.82,2008-09-10 09:56:09,ad3f9e63e0598351c51bed7c4686300527f2488d,numpy/,,False,0,1,2,1.2.0,Direct,numpy,1.2.0,,,22,10,128,623,0,1,0,0,15,609,0,0,0,0,2,0,1,19,0,0,69406,0,0
2135,numpy,2023-07-20 16:09:44.177,1.1.1,2024-04-11 11:00:15.567829,3196,223,0.5625848770141602,55288,17.3,3.73,2008-07-23 18:48:01,54bb7abd3adc59578c559acb2d2938ae42b401a1,numpy/,,False,0,1,1,1.1.1,Direct,numpy,1.1.1,,,24,12,157,454,0,1,0,0,15,440,0,0,0,0,3,0,1,20,0,0,78147,0,0
2122,numpy,2021-12-15 13:44:19.503,1.0.4,2024-04-11 11:00:15.549381,2701,195,0.44563794136047363,47526,17.6,3.85,2007-11-08 23:06:18,cd8db12913c9bd7323b77a03a8fa11667634b1a9,numpy/,,False,0,1,0,1.0.4,Direct,numpy,1.0.4,,,18,12,139,172,0,1,0,0,9,164,0,0,0,0,3,0,1,14,0,0,62429,0,0
2121,numpy,2021-12-15 13:43:13.252,1.0.3,2024-04-11 11:00:15.547553,2551,188,0.420259952545166,45345,17.78,3.92,2007-08-18 20:49:22,8410a4199e0efea7f56ed474c9754cf4895695b2,numpy/,,False,0,1,0,1.0.3,Direct,numpy,1.0.3,,,17,11,132,163,0,1,0,0,9,155,0,0,0,0,3,0,1,13,0,0,59288,0,0
2120,numpy,2006-12-02 02:07:43.000,1.0,2024-04-11 11:00:15.545719,2272,184,0.37392520904541016,38648,17.01,3.86,2006-10-19 06:46:19,c9d632d3d112854a7a865762097dedc6535a41ed,numpy/,,False,0,1,0,1.0,Direct,numpy,1.0,,,19,11,128,112,0,1,0,0,8,105,0,0,0,0,2,0,1,16,0,0,49009,0,0
